{"stat.useItem.chiselsandbits.chiseled_wood":65,"stat.useItem.minecraft.bow":5,"stat.pickup.minecraft.tripwire_hook":5,"stat.useItem.minecraft.quartz_block":1030,"stat.useItem.minecraft.painting":6,"stat.pickup.minecraft.wooden_slab":1,"stat.leaveGame":40,"stat.drop.minecraft.tripwire_hook":3,"stat.useItem.chiselsandbits.block_bit":3852,"stat.pickup.minecraft.leather_chestplate":1,"stat.swimOneCm":165709,"stat.climbOneCm":26980,"stat.useItem.minecraft.planks":1183,"stat.useItem.minecraft.dirt":726,"stat.useItem.minecraft.stone_slab2":76313,"stat.drop.chiselsandbits.chiseled_iron":1,"stat.useItem.minecraft.water_bucket":135,"stat.useItem.minecraft.red_flower":11,"stat.craftItem.minecraft.spruce_boat":1,"stat.pickup.chiselsandbits.bitsaw_diamond":1,"stat.useItem.minecraft.vine":2,"stat.drop.minecraft.leather_boots":1,"stat.useItem.minecraft.golden_pickaxe":1,"stat.useItem.chiselsandbits.chiseled_cloth":47,"stat.pickup.chisel.blockiron":1,"stat.pickup.minecraft.shears":3,"stat.drop.minecraft.quartz_stairs":1,"stat.pickup.minecraft.leather_boots":1,"stat.pickup.minecraft.diamond_hoe":4,"stat.useItem.minecraft.stone_shovel":10,"stat.flyOneCm":14374202,"stat.useItem.chiselsandbits.chiseled_iron":42,"stat.pickup.minecraft.soul_sand":1,"stat.useItem.chisel.cobblestone":132,"stat.pickup.chiselsandbits.chiseled_wood":1,"stat.pickup.minecraft.redstone":2,"stat.timeSinceDeath":1867447,"stat.hopperInspected":6,"stat.useItem.minecraft.sign":18,"stat.useItem.minecraft.iron_pickaxe":4,"stat.cauldronFilled":1,"stat.useItem.minecraft.spawn_egg":116,"stat.useItem.minecraft.wooden_slab":173,"stat.mineBlock.chisel.planks-spruce":1,"stat.pickup.chiselsandbits.block_bit":1,"stat.useItem.minecraft.lever":15,"stat.pickup.minecraft.cake":2,"stat.drop.minecraft.iron_bars":1,"stat.useItem.chiselsandbits.chiseled_glass":9,"stat.useItem.minecraft.oak_stairs":56,"stat.drop.minecraft.stained_glass":1,"stat.furnaceInteraction":5,"stat.pickup.minecraft.carpet":1,"stat.useItem.minecraft.dark_oak_stairs":41,"stat.pickup.minecraft.wooden_button":1,"stat.drop.chisel.quartz":1,"stat.pickup.minecraft.sponge":64,"stat.drop.minecraft.stone_slab":1,"stat.useItem.minecraft.double_plant":45,"stat.useItem.minecraft.milk_bucket":1,"stat.drop.minecraft.anvil":1,"stat.useItem.minecraft.spruce_fence":21,"stat.useItem.minecraft.written_book":4,"stat.sprintOneCm":2018727,"stat.useItem.minecraft.stained_glass":48,"stat.pickup.minecraft.paper":6,"stat.useItem.minecraft.stone_stairs":2,"stat.useItem.minecraft.stone_slab":38,"stat.useItem.minecraft.ice":25,"stat.pickup.minecraft.potion":1,"stat.useItem.minecraft.flint_and_steel":353,"stat.useItem.minecraft.wooden_button":1,"stat.useItem.chisel.concrete_gray1":1,"stat.pickup.chiselsandbits.chiseled_rock":10,"stat.useItem.minecraft.hopper":6,"stat.useItem.minecraft.wooden_shovel":8,"stat.useItem.chiselsandbits.chiseled_rock":167,"stat.useItem.minecraft.dye":35,"stat.drop.chiselsandbits.block_bit":4,"stat.drop.chisel.quartz1":1,"stat.deaths":1,"stat.drop":47,"stat.playOneMinute":4291757,"stat.pickup.minecraft.slime_ball":2,"stat.mineBlock.minecraft.brown_glazed_terracotta":1,"stat.drop.minecraft.glass_bottle":1,"stat.diveOneCm":97445,"stat.chestOpened":93,"stat.useItem.minecraft.structure_void":10,"stat.useItem.minecraft.stone":885,"stat.useItem.minecraft.quartz_stairs":208,"stat.killEntity.Slime":2,"stat.useItem.minecraft.waterlily":28,"stat.pickup.minecraft.stained_glass_pane":2,"stat.useItem.minecraft.carpet":93,"stat.useItem.minecraft.potion":5,"stat.useItem.minecraft.packed_ice":17,"stat.jump":10172,"stat.fallOneCm":115441,"stat.crouchOneCm":474625,"stat.useItem.minecraft.stone_button":9,"stat.pickup.minecraft.painting":1,"stat.pickup.minecraft.dirt":1,"stat.useItem.chiselsandbits.chiseled_snow":1,"stat.useItem.minecraft.light_weighted_pressure_plate":2,"stat.craftingTableInteraction":44,"stat.drop.minecraft.stained_glass_pane":1,"stat.dropperInspected":30,"stat.boatOneCm":61795,"stat.mineBlock.minecraft.iron_bars":4,"stat.useItem.minecraft.sapling":8,"stat.pickup.minecraft.command_block":6,"stat.brewingstandInteraction":13,"stat.damageTaken":401,"stat.pickup.minecraft.written_book":1,"stat.pickup.chisel.carpet_red":1,"stat.drop.minecraft.concrete":4,"stat.pickup.minecraft.dye":84,"stat.pickup.minecraft.planks":7,"stat.pickup.minecraft.quartz_block":1,"stat.damageDealt":179,"stat.useItem.minecraft.wool":91,"stat.drop.minecraft.stick":4,"stat.flowerPotted":23,"stat.drop.minecraft.painting":1,"stat.walkOneCm":3098623,"stat.drop.minecraft.paper":5,"stat.pickup.minecraft.stick":1,"stat.useItem.minecraft.log":160,"stat.pickup.minecraft.clay_ball":2,"stat.drop.minecraft.tallgrass":3,"stat.useItem.minecraft.cobblestone":46,"stat.useItem.minecraft.lava_bucket":63,"stat.useItem.minecraft.spruce_boat":1,"stat.pickup.minecraft.log":2,"stat.useItem.minecraft.redstone_block":3,"stat.pickup.minecraft.iron_pickaxe":1,"stat.pickup.minecraft.tallgrass":1,"stat.useItem.minecraft.spruce_stairs":103,"stat.pickup.minecraft.stone":65,"stat.drop.minecraft.planks":2,"stat.shulkerBoxOpened":20,"stat.drop.minecraft.orange_shulker_box":1,"stat.pickup.minecraft.hopper":2,"stat.pickup.chisel.iron":1,"stat.useItem.minecraft.stained_hardened_clay":205,"stat.useItem.minecraft.tallgrass":240,"stat.useItem.minecraft.redstone_ore":3,"stat.pickup.minecraft.ladder":1,"stat.useItem.minecraft.concrete":13,"stat.pickup.minecraft.barrier":8,"stat.useItem.minecraft.iron_block":100,"stat.mobKills":2,"stat.useItem.minecraft.wooden_door":2,"stat.drop.minecraft.written_book":2,"stat.useItem.minecraft.cobblestone_wall":1,"stat.useItem.minecraft.writable_book":1,"stat.useItem.chisel.cobblestone1":4,"stat.pickup.minecraft.red_flower":1,"stat.sneakTime":264034,"stat.pickup.minecraft.wool":65,"stat.drop.minecraft.quartz_block":2,"stat.pickup.minecraft.elytra":1,"stat.mineBlock.chisel.planks-oak":1,"stat.pickup.minecraft.spruce_boat":1,"stat.drop.minecraft.sea_lantern":2,"stat.drop.minecraft.shears":3,"stat.useItem.minecraft.wooden_axe":2,"stat.useItem.minecraft.web":13}