{"stat.chestOpened":6,"stat.flowerPotted":3,"stat.walkOneCm":122457,"stat.leaveGame":2,"stat.talkedToVillager":1,"stat.flyOneCm":40190,"stat.jump":313,"stat.playOneMinute":54942,"stat.fallOneCm":20158,"stat.climbOneCm":3920,"stat.sneakTime":2545,"stat.useItem.minecraft.stone_axe":2,"stat.damageDealt":0,"stat.crouchOneCm":5725,"stat.timeSinceDeath":54942,"stat.useItem.minecraft.written_book":3,"stat.sprintOneCm":118728,"stat.useItem.minecraft.iron_pickaxe":1,"stat.mineBlock.chisel.planks-dark-oak":1,"stat.mineBlock.minecraft.iron_block":1}