{"stat.chestOpened":59,"stat.flowerPotted":11,"stat.useItem.minecraft.bow":1,"stat.walkOneCm":542376,"stat.leaveGame":20,"stat.pickup.minecraft.wooden_shovel":1,"stat.furnaceInteraction":11,"stat.talkedToVillager":1,"stat.pickup.minecraft.log":3,"stat.mineBlock.minecraft.stained_glass_pane":2,"stat.jump":2616,"stat.swimOneCm":968,"stat.fallOneCm":86944,"stat.climbOneCm":7853,"stat.useItem.minecraft.stone_axe":1,"stat.useItem.minecraft.golden_axe":1,"stat.shulkerBoxOpened":1,"stat.crouchOneCm":9920,"stat.useItem.minecraft.written_book":2,"stat.sprintOneCm":372492,"stat.mineBlock.chisel.planks-dark-oak":1,"stat.useItem.minecraft.stone_slab2":37,"stat.mineBlock.minecraft.iron_block":1,"stat.craftingTableInteraction":3,"stat.mineBlock.minecraft.iron_bars":1,"stat.pickup.minecraft.golden_axe":1,"stat.mineBlock.minecraft.glass_pane":1,"stat.useItem.minecraft.golden_pickaxe":2,"stat.pickup.minecraft.log2":1,"stat.pickup.minecraft.planks":2,"stat.flyOneCm":726663,"stat.pickup.minecraft.concrete":2,"stat.playOneMinute":211532,"stat.sneakTime":3014,"stat.damageDealt":0,"stat.mineBlock.chisel.planks-oak":2,"stat.pickup.minecraft.item_frame":1,"stat.timeSinceDeath":211532,"stat.mineBlock.minecraft.brown_glazed_terracotta":1,"stat.useItem.minecraft.wooden_axe":2,"stat.useItem.minecraft.iron_pickaxe":4,"stat.mineBlock.minecraft.stone":1,"stat.diveOneCm":1182}