{"stat.pickup.minecraft.tripwire_hook":1,"stat.useItem.minecraft.painting":5,"stat.useItem.minecraft.quartz_block":124,"stat.useItem.minecraft.repeater":126,"stat.leaveGame":19,"stat.useItem.minecraft.log2":40,"stat.useItem.minecraft.soul_sand":66,"stat.useItem.chiselsandbits.block_bit":113,"stat.drop.minecraft.redstone":2,"stat.swimOneCm":4416,"stat.drop.minecraft.skull":1,"stat.climbOneCm":9970,"stat.useItem.minecraft.planks":114,"stat.useItem.minecraft.dirt":52,"stat.useItem.minecraft.stone_slab2":6100,"stat.useItem.minecraft.water_bucket":40,"stat.useItem.minecraft.red_flower":1,"stat.pickup.minecraft.golden_axe":1,"stat.useItem.minecraft.activator_rail":8,"stat.useItem.minecraft.spruce_fence_gate":2,"stat.useItem.minecraft.anvil":1,"stat.flyOneCm":8907856,"stat.pickup.minecraft.chain_command_block":1,"stat.craftItem.minecraft.wooden_slab":6,"stat.pickup.minecraft.redstone":2,"stat.timeSinceDeath":139819,"stat.hopperInspected":1,"stat.useItem.minecraft.fence_gate":3,"stat.useItem.minecraft.sign":11,"stat.useItem.minecraft.spawn_egg":861,"stat.useItem.minecraft.wooden_slab":5,"stat.drop.minecraft.repeater":3,"stat.useItem.minecraft.noteblock":1,"stat.drop.minecraft.wooden_shovel":5,"stat.useItem.minecraft.lever":8,"stat.pickup.minecraft.wooden_shovel":4,"stat.furnaceInteraction":9,"stat.useItem.minecraft.dark_oak_stairs":1,"stat.drop.minecraft.stone_slab":1,"stat.useItem.minecraft.redstone":74,"stat.useItem.minecraft.sea_lantern":20,"stat.useItem.minecraft.golden_axe":1,"stat.useItem.minecraft.spruce_fence":20,"stat.useItem.minecraft.dropper":2,"stat.sprintOneCm":528743,"stat.useItem.minecraft.diamond_block":1,"stat.useItem.minecraft.fence":6,"stat.useItem.minecraft.stone_stairs":29,"stat.pickup.minecraft.skull":1,"stat.craftItem.minecraft.stick":4,"stat.drop.minecraft.furnace":1,"stat.drop.minecraft.golden_axe":2,"stat.useItem.minecraft.stone_slab":1,"stat.pickup.minecraft.grass":2,"stat.useItem.minecraft.wooden_button":42,"stat.useItem.minecraft.hopper":12,"stat.useItem.minecraft.wooden_shovel":10,"stat.craftItem.minecraft.wooden_pressure_plate":1,"stat.deaths":1,"stat.drop":40,"stat.drop.minecraft.chain_command_block":3,"stat.playOneMinute":996753,"stat.useItem.minecraft.ladder":3,"stat.diveOneCm":4457,"stat.chestOpened":45,"stat.useItem.minecraft.sticky_piston":3,"stat.useItem.minecraft.stone":139,"stat.drop.minecraft.hopper":1,"stat.useItem.minecraft.quartz_stairs":76,"stat.useItem.minecraft.waterlily":35,"stat.useItem.minecraft.heavy_weighted_pressure_plate":1,"stat.useItem.minecraft.stained_glass_pane":39,"stat.useItem.minecraft.flower_pot":6,"stat.jump":2793,"stat.fallOneCm":67532,"stat.crouchOneCm":70534,"stat.useItem.minecraft.stone_button":5,"stat.mineBlock.minecraft.concrete_powder":3,"stat.craftingTableInteraction":8,"stat.dropperInspected":16,"stat.drop.minecraft.barrier":1,"stat.pickup.minecraft.command_block":5,"stat.useItem.minecraft.redstone_lamp":14,"stat.pickup.minecraft.repeater":3,"stat.mineBlock.minecraft.glass_pane":1,"stat.useItem.minecraft.golden_rail":2,"stat.useItem.minecraft.dark_oak_fence":1,"stat.damageTaken":280,"stat.useItem.minecraft.stone_brick_stairs":30,"stat.craftItem.minecraft.wooden_button":1,"stat.useItem.minecraft.furnace":14,"stat.drop.minecraft.concrete":5,"stat.pickup.minecraft.dye":194,"stat.pickup.minecraft.planks":7,"stat.pickup.minecraft.concrete":4,"stat.pickup.minecraft.quartz_block":3,"stat.damageDealt":0,"stat.useItem.minecraft.wool":63,"stat.sleepInBed":1,"stat.useItem.minecraft.crafting_table":2,"stat.flowerPotted":4,"stat.useItem.minecraft.iron_bars":1,"stat.walkOneCm":613488,"stat.useItem.minecraft.torch":15,"stat.useItem.minecraft.chest":2,"stat.useItem.minecraft.log":119,"stat.useItem.minecraft.comparator":21,"stat.useItem.minecraft.cobblestone":113,"stat.craftItem.minecraft.crafting_table":1,"stat.useItem.minecraft.redstone_block":23,"stat.useItem.minecraft.brown_glazed_terracotta":128,"stat.drop.minecraft.planks":6,"stat.useItem.minecraft.spruce_stairs":56,"stat.shulkerBoxOpened":18,"stat.pickup.minecraft.hopper":1,"stat.useItem.minecraft.leaves":2,"stat.useItem.minecraft.tallgrass":104,"stat.drop.minecraft.command_block":6,"stat.useItem.minecraft.redstone_ore":50,"stat.useItem.chisel.bookshelf_spruce":30,"stat.useItem.minecraft.concrete":33,"stat.useItem.minecraft.glass_pane":1,"stat.pickup.minecraft.barrier":1,"stat.useItem.chisel.dirt":30,"stat.useItem.minecraft.jungle_door":2,"stat.useItem.minecraft.wooden_pressure_plate":1,"stat.useItem.minecraft.grass_path":8,"stat.useItem.minecraft.spruce_door":2,"stat.useItem.minecraft.cobblestone_wall":2,"stat.sneakTime":59854,"stat.pickup.minecraft.wool":2,"stat.drop.minecraft.quartz_block":3,"stat.useItem.minecraft.purpur_slab":19,"stat.pickup.minecraft.stone_slab":1}