{"stat.chestOpened":47,"stat.pickup.minecraft.tripwire_hook":1,"stat.leaveGame":13,"stat.drop.minecraft.iron_pickaxe":1,"stat.mineBlock.minecraft.stained_glass":20,"stat.jump":2082,"stat.swimOneCm":30724,"stat.fallOneCm":98848,"stat.climbOneCm":13680,"stat.crouchOneCm":43327,"stat.useItem.minecraft.stone_slab2":1,"stat.pickup.minecraft.bow":1,"stat.mineBlock.minecraft.concrete_powder":5,"stat.craftingTableInteraction":3,"stat.dropperInspected":15,"stat.boatOneCm":4827,"stat.craftItem.minecraft.spruce_boat":1,"stat.mineBlock.minecraft.glass_pane":1,"stat.damageTaken":220,"stat.useItem.minecraft.golden_pickaxe":4,"stat.pickup.minecraft.planks":6,"stat.flyOneCm":318810,"stat.useItem.minecraft.cooked_beef":4,"stat.pickup.minecraft.golden_pickaxe":1,"stat.damageDealt":26,"stat.timeSinceDeath":246875,"stat.useItem.minecraft.iron_pickaxe":1,"stat.flowerPotted":7,"stat.walkOneCm":663576,"stat.pickup.minecraft.wooden_axe":1,"stat.drop.minecraft.tallgrass":1,"stat.pickup.minecraft.clay_ball":1,"stat.furnaceInteraction":3,"stat.useItem.minecraft.spruce_boat":1,"stat.drop.minecraft.red_flower":1,"stat.pickup.minecraft.log":1,"stat.pickup.minecraft.iron_pickaxe":2,"stat.useItem.minecraft.golden_axe":1,"stat.drop.minecraft.planks":2,"stat.useItem.minecraft.written_book":1,"stat.sprintOneCm":791606,"stat.mineBlock.minecraft.iron_block":1,"stat.drop.minecraft.bow":1,"stat.pickup.minecraft.barrier":11,"stat.useItem.minecraft.wooden_shovel":5,"stat.drop":6,"stat.playOneMinute":246875,"stat.sneakTime":17724,"stat.mineBlock.chisel.planks-oak":1,"stat.mineBlock.minecraft.brown_glazed_terracotta":1,"stat.useItem.minecraft.wooden_axe":1,"stat.diveOneCm":32626}