{"stat.useItem.minecraft.string":1,"stat.useItem.minecraft.bow":43,"stat.useItem.minecraft.chain_command_block":8,"stat.useItem.minecraft.painting":39,"stat.useItem.minecraft.quartz_block":1162,"stat.leaveGame":45,"stat.useItem.minecraft.bookshelf":3,"stat.useItem.minecraft.soul_sand":4,"stat.useItem.minecraft.glowstone":4,"stat.mineBlock.minecraft.stained_glass":24,"stat.drop.minecraft.skull":1,"stat.useItem.minecraft.planks":400,"stat.useItem.minecraft.nether_brick_stairs":32,"stat.useItem.minecraft.red_sandstone_stairs":2,"stat.useItem.minecraft.water_bucket":556,"stat.pickup.minecraft.rotten_flesh":13,"stat.useItem.minecraft.activator_rail":1,"stat.useItem.minecraft.vine":23,"stat.useItem.minecraft.purpur_stairs":11,"stat.pickup.minecraft.leather_boots":3,"stat.useItem.minecraft.anvil":5,"stat.useItem.minecraft.brown_mushroom":6,"stat.killEntity.Villager":9,"stat.useItem.minecraft.fence_gate":5,"stat.hopperInspected":9,"stat.useItem.minecraft.iron_pickaxe":42,"stat.useItem.minecraft.spawn_egg":323,"stat.useItem.minecraft.iron_shovel":20,"stat.useItem.minecraft.oak_stairs":38,"stat.useItem.minecraft.dark_oak_stairs":85,"stat.pickup.minecraft.wooden_button":1,"stat.drop.minecraft.red_flower":3,"stat.useItem.minecraft.double_plant":119,"stat.useItem.minecraft.redstone":271,"stat.drop.minecraft.wooden_button":1,"stat.pickup.minecraft.leather_helmet":1,"stat.useItem.minecraft.trapdoor":6,"stat.useItem.minecraft.stained_glass":268,"stat.useItem.minecraft.stone_stairs":20,"stat.pickup.minecraft.skull":1,"stat.useItem.minecraft.dark_oak_door":13,"stat.pickup.minecraft.potion":2,"stat.useItem.minecraft.flint_and_steel":558,"stat.useItem.minecraft.wooden_button":100,"stat.useItem.minecraft.hopper":16,"stat.useItem.minecraft.dye":188,"stat.pickup.minecraft.lever":2,"stat.deaths":1,"stat.drop.minecraft.chain_command_block":3,"stat.playOneMinute":3178500,"stat.useItem.minecraft.jungle_stairs":10,"stat.pickup.minecraft.sea_lantern":1,"stat.pickup.minecraft.item_frame":4,"stat.pickup.minecraft.iron_bars":1,"stat.useItem.minecraft.jukebox":3,"stat.chestOpened":184,"stat.useItem.minecraft.stone":1034,"stat.drop.minecraft.hopper":3,"stat.useItem.minecraft.jungle_fence":2,"stat.pickup.minecraft.arrow":32,"stat.useItem.minecraft.sponge":47,"stat.drop.minecraft.iron_pickaxe":2,"stat.fallOneCm":66466,"stat.crouchOneCm":188066,"stat.pickup.minecraft.dropper":11,"stat.pickup.minecraft.painting":3,"stat.craftingTableInteraction":4,"stat.drop.minecraft.stained_glass_pane":6,"stat.dropperInspected":67,"stat.useItem.minecraft.golden_rail":2,"stat.useItem.minecraft.dark_oak_fence":7,"stat.useItem.minecraft.furnace":7,"stat.pickup.minecraft.dye":124,"stat.pickup.minecraft.planks":24,"stat.useItem.minecraft.enchanting_table":1,"stat.drop.minecraft.diamond_hoe":48,"stat.useItem.minecraft.wool":93,"stat.drop.minecraft.stick":1,"stat.useItem.minecraft.iron_bars":44,"stat.flowerPotted":23,"stat.useItem.minecraft.bone_block":478,"stat.useItem.minecraft.torch":39,"stat.useItem.minecraft.log":256,"stat.useItem.minecraft.comparator":84,"stat.drop.minecraft.tallgrass":1,"stat.useItem.minecraft.cobblestone":260,"stat.useItem.minecraft.gravel":12,"stat.pickup.minecraft.redstone_block":1,"stat.drop.minecraft.sign":17,"stat.pickup.minecraft.iron_pickaxe":2,"stat.useItem.minecraft.brown_glazed_terracotta":166,"stat.pickup.minecraft.tallgrass":1,"stat.useItem.minecraft.tallgrass":799,"stat.mineBlock.minecraft.iron_block":6,"stat.useItem.minecraft.glass_pane":3,"stat.useItem.minecraft.deadbush":14,"stat.useItem.minecraft.barrier":17,"stat.useItem.minecraft.jungle_door":6,"stat.useItem.minecraft.stonebrick":190,"stat.useItem.minecraft.wooden_door":1,"stat.useItem.minecraft.monster_egg":37,"stat.useItem.minecraft.spruce_door":3,"stat.pickup.minecraft.red_flower":2,"stat.sneakTime":162356,"stat.drop.minecraft.sea_lantern":1,"stat.useItem.minecraft.wooden_axe":1,"stat.drop.minecraft.grass":1,"stat.useItem.minecraft.web":2,"stat.useItem.minecraft.brick_stairs":17,"stat.pickup.minecraft.tripwire_hook":8,"stat.useItem.minecraft.lapis_block":3,"stat.pickup.minecraft.bone":14,"stat.pickup.minecraft.redstone_torch":1,"stat.useItem.minecraft.repeater":353,"stat.drop.minecraft.tripwire_hook":65,"stat.useItem.minecraft.log2":49,"stat.useItem.minecraft.beacon":16,"stat.useItem.minecraft.skull":28,"stat.pickup.minecraft.leather_chestplate":2,"stat.useItem.minecraft.diamond_sword":77,"stat.mineBlock.minecraft.stained_glass_pane":1,"stat.swimOneCm":197805,"stat.useItem.minecraft.snow":2,"stat.climbOneCm":24874,"stat.useItem.minecraft.end_rod":7,"stat.useItem.minecraft.obsidian":4,"stat.useItem.minecraft.redstone_torch":4,"stat.useItem.minecraft.dirt":1376,"stat.useItem.minecraft.stone_slab2":18291,"stat.pickup.minecraft.bow":1,"stat.useItem.minecraft.red_flower":9,"stat.useItem.minecraft.golden_pickaxe":2,"stat.pickup.minecraft.shears":1,"stat.pickup.minecraft.diamond_hoe":12,"stat.useItem.minecraft.brick_block":2,"stat.flyOneCm":20531868,"stat.pickup.minecraft.soul_sand":4,"stat.pickup.minecraft.glass_bottle":7,"stat.pickup.minecraft.chain_command_block":1,"stat.pickup.minecraft.redstone":5,"stat.timeSinceDeath":869760,"stat.useItem.minecraft.sign":131,"stat.useItem.minecraft.wooden_slab":58,"stat.useItem.minecraft.iron_door":4,"stat.killEntity.Bat":3,"stat.useItem.minecraft.lever":44,"stat.drop.minecraft.iron_bars":1,"stat.pickup.minecraft.wooden_axe":2,"stat.drop.minecraft.stained_glass":2,"stat.useItem.minecraft.acacia_stairs":12,"stat.killEntity.Creeper":10,"stat.talkedToVillager":12,"stat.useItem.minecraft.sea_lantern":11,"stat.pickup.minecraft.nether_star":3,"stat.useItem.minecraft.spruce_fence":47,"stat.useItem.minecraft.written_book":3,"stat.useItem.minecraft.dropper":17,"stat.sprintOneCm":1672562,"stat.useItem.minecraft.stone_slab":38,"stat.useItem.minecraft.stone_pressure_plate":32,"stat.useItem.minecraft.wooden_shovel":34,"stat.pickup.minecraft.leather_leggings":4,"stat.drop":84,"stat.useItem.minecraft.ladder":24,"stat.drop.minecraft.redstone_block":1,"stat.killEntity.Zombie":12,"stat.diveOneCm":165397,"stat.useItem.minecraft.sticky_piston":12,"stat.useItem.minecraft.structure_void":16,"stat.pickup.minecraft.sign":3,"stat.useItem.minecraft.quartz_stairs":6,"stat.killEntity.Slime":2,"stat.useItem.minecraft.waterlily":56,"stat.pickup.minecraft.stained_glass_pane":5,"stat.useItem.minecraft.heavy_weighted_pressure_plate":1,"stat.useItem.minecraft.carpet":106,"stat.useItem.minecraft.potion":2,"stat.useItem.minecraft.stained_glass_pane":144,"stat.pickup.minecraft.diamond_sword":1,"stat.useItem.minecraft.flower_pot":14,"stat.jump":9930,"stat.useItem.minecraft.iron_trapdoor":14,"stat.useItem.minecraft.piston":2,"stat.useItem.minecraft.stone_axe":3,"stat.drop.minecraft.diamond_sword":1,"stat.pickup.minecraft.gunpowder":14,"stat.pickup.minecraft.dirt":10,"stat.useItem.minecraft.stone_button":31,"stat.useItem.minecraft.glass":23,"stat.useItem.minecraft.sapling":22,"stat.mineBlock.minecraft.iron_bars":3,"stat.useItem.minecraft.redstone_lamp":3,"stat.brewingstandInteraction":10,"stat.damageTaken":153,"stat.useItem.minecraft.stone_brick_stairs":47,"stat.pickup.minecraft.written_book":2,"stat.useItem.minecraft.gold_block":16,"stat.useItem.minecraft.acacia_door":10,"stat.useItem.minecraft.slime":19,"stat.pickup.minecraft.bed":1,"stat.useItem.minecraft.magma":74,"stat.pickup.minecraft.stained_glass":2,"stat.damageDealt":7830,"stat.useItem.minecraft.snow_layer":156,"stat.useItem.minecraft.crafting_table":2,"stat.useItem.minecraft.cyan_glazed_terracotta":31,"stat.useItem.minecraft.command_block":5,"stat.walkOneCm":2067184,"stat.useItem.minecraft.chest":37,"stat.pickup.minecraft.stick":4,"stat.useItem.minecraft.pumpkin":1,"stat.pickup.minecraft.clay_ball":1,"stat.useItem.minecraft.tnt":13,"stat.useItem.minecraft.lava_bucket":88,"stat.useItem.minecraft.spruce_boat":2,"stat.useItem.minecraft.redstone_block":47,"stat.pickup.minecraft.tnt":1,"stat.useItem.minecraft.item_frame":8,"stat.useItem.minecraft.spruce_stairs":112,"stat.useItem.minecraft.stained_hardened_clay":40,"stat.useItem.minecraft.leaves":148,"stat.drop.minecraft.command_block":2,"stat.useItem.minecraft.redstone_ore":127,"stat.useItem.minecraft.concrete":1012,"stat.useItem.minecraft.prismarine":10,"stat.killEntity.Skeleton":7,"stat.pickup.minecraft.barrier":105,"stat.useItem.minecraft.tripwire_hook":3,"stat.useItem.minecraft.iron_block":49,"stat.mobKills":43,"stat.useItem.minecraft.cobblestone_wall":18,"stat.useItem.minecraft.purpur_slab":20,"stat.mineBlock.minecraft.stone":2}