{"stat.craftItem.minecraft.leather_leggings":3,"stat.chestOpened":6,"stat.pickup.minecraft.sign":16,"stat.leaveGame":11,"stat.pickup.minecraft.arrow":2,"stat.pickup.minecraft.stained_glass_pane":4,"stat.useItem.minecraft.potion":8,"stat.jump":1619,"stat.swimOneCm":4681,"stat.drop.minecraft.skull":1,"stat.fallOneCm":41470,"stat.climbOneCm":2365,"stat.useItem.minecraft.stone_axe":1,"stat.crouchOneCm":17488,"stat.pickup.minecraft.painting":5,"stat.useItem.minecraft.stone_slab2":673,"stat.craftingTableInteraction":7,"stat.drop.minecraft.stained_glass_pane":4,"stat.dropperInspected":1,"stat.drop.minecraft.barrier":9,"stat.aviateOneCm":125795,"stat.flyOneCm":1128336,"stat.damageDealt":0,"stat.drop.minecraft.tnt":1,"stat.timeSinceDeath":210931,"stat.useItem.minecraft.iron_pickaxe":1,"stat.flowerPotted":8,"stat.useItem.minecraft.command_block":5,"stat.walkOneCm":320436,"stat.craftItem.minecraft.leather_boots":3,"stat.drop.minecraft.flint_and_steel":1,"stat.talkedToVillager":1,"stat.drop.minecraft.red_flower":1,"stat.pickup.minecraft.tnt":1,"stat.useItem.minecraft.milk_bucket":1,"stat.useItem.minecraft.written_book":3,"stat.sprintOneCm":111052,"stat.mineBlock.chisel.planks-dark-oak":1,"stat.mineBlock.minecraft.iron_block":1,"stat.pickup.minecraft.barrier":5,"stat.useItem.minecraft.barrier":10,"stat.useItem.minecraft.flint_and_steel":3,"stat.deaths":1,"stat.drop":17,"stat.useItem.minecraft.writable_book":2,"stat.playOneMinute":368092,"stat.craftItem.minecraft.leather_chestplate":2,"stat.pickup.minecraft.red_flower":1,"stat.sneakTime":15877,"stat.pickup.minecraft.item_frame":4,"stat.diveOneCm":7027}