{"stat.chestOpened":36,"stat.useItem.minecraft.bow":10,"stat.leaveGame":9,"stat.pickup.minecraft.arrow":3,"stat.drop.minecraft.iron_pickaxe":2,"stat.mineBlock.minecraft.stained_glass_pane":1,"stat.mineBlock.minecraft.stained_glass":1,"stat.jump":2601,"stat.swimOneCm":32033,"stat.fallOneCm":105047,"stat.climbOneCm":15571,"stat.useItem.minecraft.stone_axe":1,"stat.crouchOneCm":23630,"stat.pickup.minecraft.painting":1,"stat.useItem.minecraft.stone_slab2":3,"stat.pickup.minecraft.bow":1,"stat.craftingTableInteraction":1,"stat.dropperInspected":3,"stat.boatOneCm":4775,"stat.mineBlock.minecraft.iron_bars":3,"stat.damageTaken":76,"stat.pickup.minecraft.planks":1,"stat.flyOneCm":287208,"stat.useItem.minecraft.cooked_beef":3,"stat.damageDealt":50,"stat.timeSinceDeath":248246,"stat.useItem.minecraft.iron_pickaxe":4,"stat.mineBlock.chisel.planks-spruce":18,"stat.flowerPotted":3,"stat.walkOneCm":780179,"stat.talkedToVillager":1,"stat.pickup.minecraft.iron_pickaxe":1,"stat.pickup.minecraft.tallgrass":1,"stat.drop.minecraft.planks":1,"stat.shulkerBoxOpened":2,"stat.sprintOneCm":643871,"stat.mineBlock.chisel.planks-dark-oak":1,"stat.pickup.minecraft.cooked_beef":64,"stat.drop.minecraft.bow":1,"stat.drop":6,"stat.playOneMinute":248246,"stat.drop.minecraft.golden_pickaxe":1,"stat.pickup.minecraft.red_flower":1,"stat.sneakTime":6168,"stat.useItem.minecraft.wooden_axe":18,"stat.mineBlock.minecraft.stone":1,"stat.diveOneCm":36889,"stat.drop.minecraft.wooden_axe":1}