{"stat.chestOpened":24,"stat.flowerPotted":6,"stat.walkOneCm":263930,"stat.drop.minecraft.tripwire_hook":1,"stat.leaveGame":3,"stat.useItem.minecraft.spruce_boat":1,"stat.talkedToVillager":1,"stat.useItem.minecraft.potion":7,"stat.mineBlock.minecraft.stained_glass":5,"stat.jump":1044,"stat.swimOneCm":11252,"stat.fallOneCm":43211,"stat.climbOneCm":6225,"stat.useItem.minecraft.stone_axe":1,"stat.pickup.minecraft.tallgrass":2,"stat.pickup.minecraft.gunpowder":3,"stat.crouchOneCm":4707,"stat.useItem.minecraft.written_book":3,"stat.sprintOneCm":260198,"stat.mineBlock.chisel.planks-dark-oak":1,"stat.mineBlock.minecraft.iron_block":1,"stat.craftingTableInteraction":3,"stat.dropperInspected":21,"stat.boatOneCm":3528,"stat.mineBlock.minecraft.iron_bars":3,"stat.craftItem.minecraft.spruce_boat":1,"stat.brewingstandInteraction":9,"stat.mineBlock.minecraft.torch":1,"stat.pickup.minecraft.planks":2,"stat.flyOneCm":175629,"stat.pickup.minecraft.glass_bottle":1,"stat.drop":5,"stat.playOneMinute":67678,"stat.sneakTime":1666,"stat.damageDealt":0,"stat.timeSinceDeath":67678,"stat.useItem.minecraft.wooden_axe":7,"stat.drop.minecraft.glass_bottle":7,"stat.useItem.minecraft.iron_pickaxe":4,"stat.mineBlock.chisel.planks-spruce":1,"stat.diveOneCm":8423}