{"stat.chestOpened":1,"stat.flowerPotted":1,"stat.walkOneCm":142419,"stat.leaveGame":3,"stat.useItem.minecraft.potion":1,"stat.flyOneCm":434699,"stat.jump":417,"stat.swimOneCm":5449,"stat.playOneMinute":122131,"stat.pickup.minecraft.stone_button":1,"stat.climbOneCm":5264,"stat.fallOneCm":8602,"stat.sneakTime":7344,"stat.useItem.minecraft.golden_axe":1,"stat.crouchOneCm":15800,"stat.timeSinceDeath":122131,"stat.sprintOneCm":65032,"stat.useItem.minecraft.diamond_shovel":1,"stat.useItem.minecraft.stone_slab2":1096}