{"stat.flyOneCm":97255,"stat.useItem.minecraft.glass":5,"stat.walkOneCm":66597,"stat.jump":135,"stat.playOneMinute":81193,"stat.useItem.minecraft.planks":604,"stat.useItem.minecraft.banner":10,"stat.leaveGame":2,"stat.sneakTime":1313,"stat.useItem.minecraft.log":167,"stat.useItem.minecraft.spruce_stairs":27,"stat.crouchOneCm":1472,"stat.timeSinceDeath":81193,"stat.useItem.minecraft.spruce_fence":49,"stat.useItem.minecraft.dirt":7,"stat.sprintOneCm":30133,"stat.useItem.minecraft.sign":35,"stat.useItem.minecraft.stained_glass":1,"stat.useItem.minecraft.wooden_slab":45,"stat.useItem.minecraft.concrete":52,"stat.useItem.minecraft.glowstone":7}